{
    "subject_name": "jsoncpp",
    "configure_script_working_directory": "jsoncpp/",
    "build_script_working_directory": "jsoncpp/",
    "compile_command_path": "jsoncpp/compile_commands.json",
    "test_case_directory": "jsoncpp/testcases/",
    "subject_language": "CPP",
    "target_files": [
        "jsoncpp/src/lib_json/json_reader.cpp",
        "jsoncpp/src/lib_json/json_value.cpp",
        "jsoncpp/src/lib_json/json_writer.cpp"
    ],
    "target_preprocessed_files": [
        "jsoncpp/src/lib_json/json_reader.ii",
        "jsoncpp/src/lib_json/json_value.ii",
        "jsoncpp/src/lib_json/json_writer.ii"
    ],
    "real_world_buggy_versions": true,
    "environment_setting": {
        "needed": false,
        "variables": {}
    },
    "cov_compiled_with_clang": true,
    "gcovr_source_root": "None",
    "gcovr_object_root": "None"
}
