{
    "subject_name": "libxml2",
    "configure_script_working_directory": "libxml2/",
    "build_script_working_directory": "libxml2/",
    "compile_command_path": "libxml2/compile_commands.json",
    "test_case_directory": "libxml2/testcases/",
    "subject_language": "C",
    "target_files": [
        "libxml2/parser.c",
        "libxml2/HTMLparser.c",
        "libxml2/relaxng.c",
        "libxml2/xmlregexp.c",
        "libxml2/xmlschemas.c"
    ],
    "target_preprocessed_files": [
        "libxml2/parser.i",
        "libxml2/HTMLparser.i",
        "libxml2/relaxng.i",
        "libxml2/xmlregexp.i",
        "libxml2/xmlschemas.i"
    ],
    "real_world_buggy_versions": true,
    "environment_setting": {
        "needed": true,
        "variables": {
            "LD_LIBRARY_PATH": "libxml2/.libs"
        }
    },
    "cov_compiled_with_clang": true,
    "gcovr_source_root": "None",
    "gcovr_object_root": "None"
}
